Adjetey Osenda <aos@zgui.com> Osenda <>
Ajay Chauhan <cha@tinyerp.com>
Ajay Javiya <aja@tinyerp.com>
Ajay Javiya <aja@tinyerp.com> <aja@zgui.com>
Akash Balar <aba@tinyerp.com>
Akash Balar <aba@tinyerp.com> <aba@zgui.com>
Akta Dakwala <eda@tinyerp.com>
Akta Dakwala <eda@tinyerp.com> EDA(Axelor) <>
Albert Cervera i Areny <albert@nan-tic.com>
Albert Cervera i Areny <albert@nan-tic.com> Albert Cervera i Areny - http://www.NaN-tic.com <>
Albert Cervera i Areny <albert@nan-tic.com> Albert Cervera i Areny <>
Alberto Luengo Cabanillas <alberto@pexego.es>
Alberto Luengo Cabanillas <alberto@pexego.es> Alberto Luengo Cabanillas (Pexego) <>
Alberto Luengo Cabanillas <alberto@pexego.es> Alberto Luengo Cabanillas <>
Alex Joni <alex.joni@robcon.ro> Alex Joni,PSI(ZgUI) <>
Alexandre Fayolle <alexandre.fayolle@camptocamp.com>
Alexandre Fayolle <alexandre.fayolle@camptocamp.com> <AlexandreFayolle@camptocamp>
Alexandre Fayolle <alexandre.fayolle@camptocamp.com> <afayolle.ml@free.fr>
Alexandre Fayolle <alexandre.fayolle@camptocamp.com> Alexandre <>
Alexandre Fayolle <alexandre.fayolle@camptocamp.com> alexandre.fayolle@camptocamp.com <>
Alexis de Lattre <alexis.delattre@akretion.com>
Alexis de Lattre <alexis.delattre@akretion.com> <alexis@via.ecp.fr>
Alexis de Lattre <alexis.delattre@akretion.com> Alexis de Lattre <>
Alexis de Lattre <alexis.delattre@akretion.com> alexis.delattre@akretion.com <>
Aliane Abdelouahab <abdelouahab_al@yahoo.fr>
Aline Preillon <apr@awkhad.com>
Aline Preillon <apr@awkhad.com> <aline@aline-laptop>
Amit Bhavsar <amb@tinyerp.com>
Amit Dodiya <ado@tinyerp.com>
Amit Dodiya <ado@tinyerp.com> <ado@zgui.com>
Amit Dodiya <ado@tinyerp.com> Amit Dodiya (ZgUI) <>
Amit Dodiya <ado@tinyerp.com> Amit Dodiya <>
Amit Mendapara <ame@tinyerp.com>
Amit Mendapara <ame@tinyerp.com> AME(Tiny/Axelor) <>
Amit Parik <amp@tinyerp.com>
Amit Parik <amp@tinyerp.com> AMP (Open ERP) <>
Amit Parik <amp@tinyerp.com> AMP(Open ERP) <>
Amit Parik <amp@tinyerp.com> AMP(ZgUI) <>
Amit Parik <amp@tinyerp.com> Amit Parik <>
Amit Parik <amp@tinyerp.com> Amp (Open ERP) <>
Amit Parik <amp@tinyerp.com> amp (ZgUI) <>
Amit Parik <amp@tinyerp.com> amp(Open ERP) <>
Amit Parmar <aar@tinyerp.com>
Amit Patel <apa@tinyerp.com>
Amit Patel <apa@tinyerp.com> <apa@apa>
Amit Patel <apa@tinyerp.com> <patelamit2003@gmail.com>
Amit Patel <apa@tinyerp.com> apa <>
Amit Patel <apa@tinyerp.com> apa,saz <>
Amit Patel <apa@tinyerp.com> apa-tiny (apa@tinyerp.com) <>
Amit Rasmiya <ram@tinyerp.com>
Amit Vora <avo@tinyerp.com>
Amit Vora <avo@tinyerp.com> <avo@zgui.com>
Amit Vora <avo@tinyerp.com> <voraamitr@gmail.com>
Ana Juaristi Olalde <ajuaristio@gmail.com>
Ana Juaristi Olalde <ajuaristio@gmail.com> ana <>
Anand Patel <pan@tinyerp.com>
Anaël Closson <acl@awkhad.com>
Anaël Closson <acl@awkhad.com> <acl@zgui.com>
Anaël Closson <acl@awkhad.com> Anaël Closson (zgui) <>
Andrea Cometa <info@andreacometa.it>
Andrea Cometa <info@andreacometa.it> Andrea Cometa <>
André Paramés <git@andreparames.com>
André Paramés <git@andreparames.com> <github@andreparames.com>
Ankita Patel <pat@tinyerp.com>
Antoine Huvelle <ahu@awkhad.com>
Antoine Huvelle <ahu@awkhad.com> <ahu@zgui.com>
Antoine Huvelle <ahu@awkhad.com> <antoine.huvelle@gmail.com>
Antoine Huvelle <ahu@awkhad.com> Antoine <>
Antony Lesuisse <al@zgui.com>
Antony Lesuisse <al@zgui.com> <antony@zgui-laptop>
Antony Lesuisse <al@zgui.com> <antonylesuisse@users.noreply.github.com>
Antony Lesuisse <al@zgui.com> <lesuisse@gmail.com>
Antony Lesuisse <al@zgui.com> <awkhad@ns307129.ovh.net>
Antony Lesuisse <al@zgui.com> Antony Lesuisse <>
Antony Lesuisse <al@zgui.com> Jojo le bricolo <>
Antony Lesuisse <al@zgui.com> al@zgui.com <>
Antony Lesuisse <al@zgui.com> hacker on test server <>
Antony Lesuisse <al@zgui.com> awkhad <awkhad@ip-10-226-66-207>
Antony Lesuisse <al@zgui.com> root <root@ip-10-226-66-207>
Anup Chavda <ach@tinyerp.com>
Anup Chavda <ach@tinyerp.com> <ach@zgui.com>
Anup Chavda <ach@tinyerp.com> ACH(ZgUI) <>
Anup Chavda <ach@tinyerp.com> Anup (ZgUI) <>
Anup Chavda <ach@tinyerp.com> Anup(ZgUI) <>
Arthur Maniet <ama@awkhad.com>
Arthur Maniet <ama@awkhad.com> <arthurmaniet@me.com>
Arthur Maniet <ama@awkhad.com> <me@whisno.be>
Ashutosh Srivastava <asr@tinyerp.com>
Ashvin J. Rathod <ara@tinyerp.com>
Ashvin J. Rathod <ara@tinyerp.com> ARA(ZgUI) <>
Ashvin J. Rathod <ara@tinyerp.com> Ashvin Rathod (ZgUI) <>
Ashvin J. Rathod <ara@tinyerp.com> ara <>
Ashvin J. Rathod <ara@tinyerp.com> ara-desktop <>
Ashvin J. Rathod <ara@tinyerp.com> ara@tinyerp.com <>
Atik Agewan <aag@tinyerp.com>
Atik Agewan <aag@tinyerp.com> <aag@tinyerp.co.in>
Atik Agewan <aag@tinyerp.com> aag (Open ERP) <>
Atik Agewan <aag@tinyerp.com> aag (ZgUI) <>
Atik Agewan <aag@tinyerp.com> aag(ZgUI) <>
Atul Patel <atp@tinyerp.com>
Atul Patel <atp@tinyerp.com> <atp@zgui.com>
Atul Patel <atp@tinyerp.com> <atp@tinyerp.co.in>
Atul Patel <atp@tinyerp.com> ATP (Open ERP) <>
Atul Patel <atp@tinyerp.com> ATP (ZgUI) <>
Atul Patel <atp@tinyerp.com> ATP(ZgUI) <>
Atul Patel <atp@tinyerp.com> ATUL (ZgUI) <>
Atul Patel <atp@tinyerp.com> atp (ZgUI) <>
Augustin Cisterne-Kaas <augustin.cisternekaas@elico-corp.com> Augustin Cisterne-Kaas <ajite@Aerith.local>
Avdhesh Patel <avp@tinyerp.com>
Avdhesh Patel <avp@tinyerp.com> AVP(Axelor) <>
Avdhesh Patel <avp@tinyerp.com> avp <zgui@zgui-laptop>
Baskhuu Jacara <baskhuujacara@gmail.com> Jacara <>
Baskhuu Jacara <baskhuujacara@gmail.com> jacara <>
Benoit Guillot <benoit.guillot@akretion.com>
Benoit Guillot <benoit.guillot@akretion.com> <benoit.guillot@akretion.com.br>
Benoit Guillot <benoit.guillot@akretion.com> benoit-guillot-z <>
Bharat Devnani <bde@tinyerp.com>
Bharat Devnani <bde@tinyerp.com> <bde@tiny2-desktop>
Bharat Devnani <bde@tinyerp.com> Bharat Devnani (Open ERP) <>
Bharat Devnani <bde@tinyerp.com> Bharat Devnani(ZgUI) <>
Bharat Devnani <bde@tinyerp.com> bde@tinyerp.com <>
Bhatt Chintal <bch@tinyerp.com> bch <>
Bhavik Bagdiya <bba@tinyerp.com>
Bhavik Bagdiya <bba@tinyerp.com> <bba@zgui.com>
Bhumi Patel <bpa@zgui.com>
Bhumi Thakkar <bth@tinyerp.com>
Bhumi Thakkar <bth@tinyerp.com> <bth@bth-laptop>
Bhumi Thakkar <bth@tinyerp.com> <bth@opnerp.com>
Bhumika Shrimali <sbh@tinyerp.com>
Bhumika Shrimali <sbh@tinyerp.com>
Bhumika Shrimali <sbh@tinyerp.com> <sbh@zgui.com>
Bhumika Shrimali <sbh@tinyerp.com> Bhumika(ZgUI) <>
Bhumika Shrimali <sbh@tinyerp.com> Bhumika(ZgUI) sbh@tinyerp.com <>
Bhumika Shrimali <sbh@tinyerp.com> SBH <sbh@sbh-desktop>
Bhumika Shrimali <sbh@tinyerp.com> SBH(ZgUI) <>
Bhumika Shrimali <sbh@tinyerp.com> Sbh (Open ERP) <>
Bhumika Shrimali <sbh@tinyerp.com> Sbh(Zgui) <>
Bhumika Shrimali <sbh@tinyerp.com> sbh <>
Bhumika Shrimali <sbh@tinyerp.com> sbh(ZgUI) <>
Bhumika Shrimali <sbh@tinyerp.com> sbh-zgui <>
Binjal Desai <dbi@tinyerp.com>
Binjal Desai <dbi@tinyerp.com> <dbi@zgui.com>
Borja López Soilán <borjals@pexego.es>
Borja López Soilán <borjals@pexego.es> Borja (Pexego) <>
Borja López Soilán <borjals@pexego.es> Borja Lopez Soilan (Pexego) <>
Borja López Soilán <borjals@pexego.es> Borja López Soilán (Pexego) <>
Borja López Soilán <borjals@pexego.es> Borja López Soilán <>
Carlos Vásquez <carlos.vasquez@clearcorp.co.cr>
Carlos Vásquez <carlos.vasquez@clearcorp.co.cr> carlos <>
Cecile Tonglet <cto@zgui.com>
Cecile Tonglet <cto@zgui.com> cto <>
Chandni Gandhi <cga@tinyerp.com>
Chandni Machchhar <cac@zgui.com>
Chandni Machchhar <cac@zgui.com> <chandni.machchhar3@gmail.com>
Chandni Machchhar <cac@zgui.com> Chandni Machchhar(ZgUI Trainee) <>
Chirag Dodiya <cod@tinyerp.com>
Chirag Dodiya <cod@tinyerp.com> <chiragdd7@gmail.com>
Chirag Dodiya <cod@tinyerp.com> <cod@zgui.com>
Chirag Patel <cpa@tinyerp.com>
Chris Biersbach <cbi@zgui.com> cbi@zgui.my.zgui.com <>
Chris Forbes <chris.forbes@catalyst.net.nz> Chris Forbes <>
Chris Halls <chris.halls@credativ.co.uk>
Chris Halls <chris.halls@credativ.co.uk> Chris Halls <>
Christophe Chauvet <christophe.chauvet@syleam.fr>
Christophe Chauvet <christophe.chauvet@syleam.fr> Christophe Chauvet (Syleam) <>
Christophe Chauvet <christophe.chauvet@syleam.fr> Christophe Chauvet (Sylean) <>
Christophe Chauvet <christophe.chauvet@syleam.fr> Christophe Chauvet <>
Christophe Chauvet <christophe.chauvet@syleam.fr> Christophe Chauvet(ZgUI) <>
Christophe Chauvet <christophe.chauvet@syleam.fr> Christophe Chauvet(Syleam) <>
Christophe Chauvet <christophe.chauvet@syleam.fr> Christophe chauvet(Syleam) <>
Christophe Chauvet <christophe.chauvet@syleam.fr> ChristopheChauvet(syleam) <>
Christophe Chauvet <christophe.chauvet@syleam.fr> Christphe Chauvet <>
Christophe Matthieu <chm@awkhad.com> <chm@zgui.com>
Christophe Matthieu <chm@awkhad.com> chm@zgui.com <>
Christophe Simonis <chs@awkhad.com> <KangOl@users.noreply.github.com>
Christophe Simonis <chs@awkhad.com> <christophe@cobalt>
Christophe Simonis <chs@awkhad.com> <christophe@kn.gl>
Christophe Simonis <chs@awkhad.com> <christophe@taupe>
Christophe Simonis <chs@awkhad.com> <christophe@tinyerp.com>
Christophe Simonis <chs@awkhad.com> <chs@zgui.com>
Christophe Simonis <chs@awkhad.com> <chs@taupe>
Christophe Simonis <chs@awkhad.com> <chs@tinyerp.com>
Christophe Simonis <chs@awkhad.com> Christophe Simonis <>
Christophe Simonis <chs@awkhad.com> chs <>
Christopher Ormaza <chris.ormaza@gmail.com> Christopher Ormaza <>
Claude Brulé <claude.brule@syleam.fr> VRA(ZgUI), Claude Brulé(Syleam) <>
Colves Almeida <cjalmeida@brblue.com.br> Colves Almeida <>
Cristian Salamea <ovnicraft@gmail.com>
Cristian Salamea <ovnicraft@gmail.com> Cristian Salamea (GnuThink) <>
Cristian Salamea <ovnicraft@gmail.com> Cristian Salamea (Gnuthink) <>
Csaba Tóth <csaba.toth@i3rendszerhaz.hu>
Csaba Tóth <csaba.toth@i3rendszerhaz.hu> tsabi <>
Cédric Krier <ced@tinyerp.com> Cédric Krier <>
Cédric Krier <ced@tinyerp.com> ced <>
Cédric Snauwaert <csn@zgui.com>
Cédric Snauwaert <csn@zgui.com> Cédric Snauwaert <>
Damián Soriano <damiansoriano@gmail.com> DamiánSoriano <>
Daniel Reis <dgreis@sapo.pt>
Daniel Reis <dgreis@sapo.pt> <dreis.pt@gmail.com>
Daniel Watkins <daniel.watkins@credativ.co.uk>
Daniel Watkins <daniel.watkins@credativ.co.uk> <daniel@daniel-watkins.co.uk>
Daniel Watkins <daniel.watkins@credativ.co.uk> Daniel Watkins <>
Darshan Kalola <dka@tinyerp.com>
Darshan Kalola <dka@tinyerp.com> <darshankalola@gmail.com>
Darshan Kalola <dka@tinyerp.com> <dka@zgui.com>
David Leach <david.leach@logicsupply.com> david.leach@logicsupply.com <>
Davide Corio <davide.corio@agilebg.com>
Davide Corio <davide.corio@agilebg.com> Davide Corio <>
De Coninck Quentin <qdc@zgui.com>
Denis Ledoux <dle@awkhad.com> <be.ledoux.denis@gmail.com>
Denis Ledoux <dle@awkhad.com> <dle@zgui.com>
Denis Ledoux <dle@awkhad.com> Denis Ledoux dle@zgui.com <>
Denis Ledoux <dle@awkhad.com> dle@zgui.com <>
Devishree Brahmbhatt <dbr@tinyerp.com>
Devishree Brahmbhatt <dbr@tinyerp.com> <dbr@dbr-desktop>
Devishree Brahmbhatt <dbr@tinyerp.com> DBR(Open ERP) <>
Devishree Brahmbhatt <dbr@tinyerp.com> dbr <tiny@tiny-desktop>
Devishree Brahmbhatt <dbr@tinyerp.com> dbr(Open ERP) <>
Dhara Shah <dsh@tinyerp.com>
Dhara Shah <dsh@tinyerp.com> <dsh@dsh>
Dhara Shah <dsh@tinyerp.com> DSH(ZgUI) <>
Dhara Shah <dsh@tinyerp.com> Dhara (Open ERP) <>
Dhara Shah <dsh@tinyerp.com> Dhara (ZgUI) <>
Dhara Shah <dsh@tinyerp.com> Dhara <dhara@dhara-laptop>
Dhara Shah <dsh@tinyerp.com> dsh (Open ERP) <>
Dhara Shah <dsh@tinyerp.com> dsh(Open ERP) <>
Dharmesh Rathod <dra@tinyerp.com> <dharmesh247@gmail.com>
Dharmesh Rathod <dra@tinyerp.com> DRA Axelor <>
Dharmraj Jhala <dja@tinyerp.com>
Dharmraj Jhala <dja@tinyerp.com> <dizzy.zala@gmail.com>
Dharmraj Jhala <dja@tinyerp.com> <dja@zgui.com>
Dharti Ratani <dhr@tinyerp.com>
Dharti Ratani <dhr@tinyerp.com> <dhr@zgui.com>
Dhruti Shastri <dhs@tinyerp.com>
Dhruti Shastri <dhs@tinyerp.com> <dhs@zgui.com>
Dhruti Shastri <dhs@tinyerp.com> DHS(ZgUI) <>
Dhruti Shastri <dhs@tinyerp.com> Dhruti Shahstri(ZgUI) <>
Dhruti Shastri <dhs@tinyerp.com> Dhruti Shastri <>
Dhruti Shastri <dhs@tinyerp.com> Dhruti(ZgUI) <>
Dimitri del Marmol <ddm@zgui.com>
Dimitri del Marmol <ddm@zgui.com> <dimitri.delmarmol@gmail.com>
Dimitri del Marmol <ddm@zgui.com> <dimitri@ddm.be.zgui.com>
Dimitri del Marmol <ddm@zgui.com> ddm@zgui.com <>
Divyesh Makwana <mdi@tinyerp.com>
Dmitrijs Ledkovs <dmitrijs.ledkovs@credativ.co.uk>
Don Kirkby <donkirkby@gmail.com>
Don Kirkby <donkirkby@gmail.com> Don Kirkby <>
Dukai Gábor <gdukai@gmail.com>
Dukai Gábor <gdukai@gmail.com> Dukai Gabor <>
Dukai Gábor <gdukai@gmail.com> Dukai Gabor,VRA(ZgUI) <>
Dukai Gábor <gdukai@gmail.com> Dukai Gábor <>
Edgar Tenesaca <edgartenesaca@gmail.com>
Elias Hermoso Illera <info@neobis.nl> Elias Hermoso Illera <>
Els Van Vossel <evv@zgui.com>
Els Van Vossel <evv@zgui.com> <zgui@evv-laptop>
Fabian Semal <fabian@tinyerp.com>
Fabian Semal <fabian@tinyerp.com> <fabian@fabian-zgui>
Fabian Semal <fabian@tinyerp.com> <root@fbs-laptop>
Fabian Semal <fabian@tinyerp.com> fbs <>
Fabien Meghazi <fme@zgui.com>
Fabien Meghazi <fme@zgui.com> <agr@amigrave.com>
Fabien Meghazi <fme@zgui.com> <amigrave@agr>
Fabien Pinckaers <fp@zgui.com> <fp@fp-laptop>
Fabien Pinckaers <fp@zgui.com> <fp@tinyerp.com>
Fabien Pinckaers <fp@zgui.com> fp <>
Fabien Pinckaers <fp@zgui.com> modifs <>
Fabien Pinckaers <fp@zgui.com> pinky <>
Fabien Pinckaers <fp@zgui.com> statsvn <>
Fekete Mihai <office@erpsystems.ro>
Fekete Mihai <office@erpsystems.ro> <feketemihai@gmail.com>
Fekete Mihai <office@erpsystems.ro> Fekete Mihai <zgui@ubuntu.(none)>
Ferdinand Gassauer <ferdinand.gassauer@camptocamp.com>
Ferdinand Gassauer <ferdinand.gassauer@camptocamp.com> Ferdinand <>
Ferdinand Gassauer <ferdinand.gassauer@camptocamp.com> Ferdinand @ Camptocamp (office-chricar) <>
Ferdinand Gassauer <ferdinand.gassauer@camptocamp.com> Ferdinand @ Camptocamp <>
Ferdinand Gassauer <ferdinand.gassauer@camptocamp.com> Ferdinand @ ChriCar <>
Ferdinand Gassauer <ferdinand.gassauer@camptocamp.com> Ferdinand Gassauer <office@chricar.at>
Ferdinand Gassauer <ferdinand.gassauer@camptocamp.com> Ferdinand Gassauer, Olivier Dony <>
Ferdinand Gassauer <ferdinand.gassauer@camptocamp.com> Ferdinand Gassauer, ZgUI Usability Team <>
Ferdinand Gassauer <ferdinand.gassauer@camptocamp.com> Ferdinand(ChriCar) <>
Ferdinand Gassauer <ferdinand.gassauer@camptocamp.com> Ferdinand(Chricar) <>
Ferdinand Gassauer <ferdinand.gassauer@camptocamp.com> Ferdinand,mtr(ZgUI) <>
Ferdinand Gassauer <ferdinand.gassauer@camptocamp.com> Ferdinand@Camptocamp <>
Ferdinand Gassauer <ferdinand.gassauer@camptocamp.com> Ferdinand@Chricar <>
Ferdinand Gassauer <ferdinand.gassauer@camptocamp.com> office@chricar.at <>
Florent Xicluna <florent.xicluna@gmail.com>
Florent Xicluna <florent.xicluna@gmail.com> <florent.xicluna@wingo.ch>
Florian da Costa <florian.dacosta@akretion.com.br>
Florian da Costa <florian.dacosta@akretion.com.br> florian-dacosta <>
Foram Katharotiya <fka@tinyerp.com>
Foram Katharotiya <fka@tinyerp.com> <fka@zgui.com>
Frank Dekervel <frank.dekervel@smartlounge.be> Kervel,PSO <>
François Degrave <fde@zgui.com>
François Degrave <fde@zgui.com> Utilisateur ZgUI <zgui@zgui-server>
Frederic Clementi <frederic.clementi@camptocamp.com>
Frederic Clementi <frederic.clementi@camptocamp.com> fclementi@camptocamp.com <>
Frédéric van der Essen <fva@zgui.com>
Frédéric van der Essen <fva@zgui.com> <fred@pc-fred.localhost>
Frédéric van der Essen <fva@zgui.com> <fva@fva-laptop>
Frédéric van der Essen <fva@zgui.com> <fva@zgui.com / fvdessen+o@gmail.com>
Frédéric van der Essen <fva@zgui.com> <fvdessen@gmail.com>
Gaurav Panchal <gan@zgui.com>
Geoff Gardiner <gsg@pinot-grigio>
Geoff Gardiner <gsg@pinot-grigio> Geoff Gardiner <>
Georges Racinet <gracinet@anybox.fr>
Georges Racinet <gracinet@anybox.fr> <gracinet@ishtar.anybox.fr>
Georges Racinet <gracinet@anybox.fr> <gracinet@purity>
Ghanshyam Pandey <gpa@tinyerp.com>
Ghanshyam Pandey <gpa@tinyerp.com> <gpa.tiny@gmail.com>
Ghanshyam Pandey <gpa@tinyerp.com> <gpa@gpa-desktop>
Ghanshyam Pandey <gpa@tinyerp.com> GPA (ZgUI) <>
Ghanshyam Pandey <gpa@tinyerp.com> GPA(Open ERP) <>
Ghanshyam Pandey <gpa@tinyerp.com> GPA(OpenEPR) <>
Ghanshyam Pandey <gpa@tinyerp.com> GPA(ZgUI) <>
Goffin Simon <sig@awkhad.com>
Goffin Simon <sig@awkhad.com> <simon.goffin@outlook.com>
Graeme Gellatly <gdgellatly@gmail.com> Graeme Gellatly (gdgellatly) <>
Gregory Salvan <greg@apieum.fr> greg-apieum <>
Grover Menacho <grover.menacho@poiesisconsulting.com>
Grover Menacho <grover.menacho@poiesisconsulting.com> <grover.menacho@poeisisconsulting.com>
Grzegorz Grzelak <grzegorz.grzelak@openglobe.pl>
Grzegorz Grzelak <grzegorz.grzelak@openglobe.pl> Grzegorz Grzelak(Cirrus.pl) <>
Grzegorz Grzelak <grzegorz.grzelak@openglobe.pl> grzegorz.grzelak@cirrus.pl <>
Guewen Baconnier <guewen.baconnier@camptocamp.com>
Guewen Baconnier <guewen.baconnier@camptocamp.com> <GuewenBaconnier@Camptocamp>
Guewen Baconnier <guewen.baconnier@camptocamp.com> <guewen@gmail.com>
Guewen Baconnier <guewen.baconnier@camptocamp.com> <guewen@users.noreply.github.com>
Guewen Baconnier <guewen.baconnier@camptocamp.com> Guewen Baconnier <>
Guillem Barba <guillem@alcarrer.net> Guillem Barba <>
Guillem Barba <guillem@alcarrer.net> guillem <>
Guillermo Bisheimer <gbisheimer@bys-control.com.ar>
Gulamfarid Ghanchi <ggh@tinyerp.com>
Géry Debongnie <ged@awkhad.com>
Géry Debongnie <ged@awkhad.com> <gde@zgui.com>
Géry Debongnie <ged@awkhad.com> <ged@zgui.com>
Hardik Ansodariya <han@tinyerp.com>
Hardik Ansodariya <han@tinyerp.com> <han@awkhad.com>
Hardik Ansodariya <han@tinyerp.com> <han@zgui.com>
Hardik Ansodariya <han@tinyerp.com> Hardik Ansodariya (ZgUI) <>
Hardik Ansodariya <han@tinyerp.com> Hardik Ansodariya <>
Hardik R. Shamnani <hsa@tinyerp.com>
Hardik R. Shamnani <hsa@tinyerp.com> hsa-tinyerp <>
Hardik Sanchawat <hsa@tinyerp.com> Hardik Sanchawat (ZgUI) <>
Harshad Modi <hmo@tinyerp.com>
Harshad Modi <hmo@tinyerp.com> HMO (Open ERP) <>
Harshad Modi <hmo@tinyerp.com> HMO(ZgUI) <>
Harshad Modi <hmo@tinyerp.com> Harry (Open ERP) <>
Harshad Modi <hmo@tinyerp.com> Harry(ZgUI) <>
Harshad Modi <hmo@tinyerp.com> Harshad Modi <hmo@hmo-tinyerp>
Harshad Modi <hmo@tinyerp.com> Mod2 (ZgUI) <>
Harshad Modi <hmo@tinyerp.com> Mod2 Team (ZgUI) <>
Harshad Modi <hmo@tinyerp.com> hmo <hmo@hmo>
Harshad Modi <hmo@tinyerp.com> hmo-tinyerp <>
Hemendra Paregi <hpa@tinyerp.com>
Herbert Petersen <office@conexus.at> Conexus.at <>
Hiral Patel <hip@tinyerp.com>
Hitesh Trivedi <htr@tinyerp.com> <htr@zgui.com>
Hugo Santos <hugo.santos@factorlibre.com> hugo <>
Hugo Santos <hugo.santos@factorlibre.com> hugosdsantos <hugosdsantos@gmail.com>
Humberto Arocha <hbto@vauxoo.com> hbto(humbertoarocha) <>
Husen Daudi <hda@tinyerp.com>
Husen Daudi <hda@tinyerp.com> <hda@hda-desktop>
Husen Daudi <hda@tinyerp.com> <hda@hda-laptop>
Husen Daudi <hda@tinyerp.com> <hda@hda>
Husen Daudi <hda@tinyerp.com> <husen@husen-laptop>
Husen Daudi <hda@tinyerp.com> JVO,HDA <>
Husen Daudi <hda@tinyerp.com> ashish <ashish@ashish-laptop>
Husen Daudi <hda@tinyerp.com> hda(Open ERP) <>
Husen Daudi <hda@tinyerp.com> hda@tinyerp.com <>
Husen Daudi (Serpent CS) <husen.daudi@serpentcs.com>
Ignacio Ibeas <info@acysos.com> acysos <>
Ignas Karpiejus <ignas@hbee.eu> Ignas Karpiejus <>
Ila Rana <ira@tinyerp.com>
Ishwar Malvi <ima@tinyerp.com>
Ishwar Malvi <ima@tinyerp.com> <ishwarmalvi13@gmail.com>
Jacques-Etienne Baudoux <jba@awkhad.com>
Jacques-Etienne Baudoux <jba@awkhad.com> <jba@zgui.com>
Jacques-Etienne Baudoux <jba@awkhad.com> <je@bcim.be>
Jacques-Etienne Baudoux <jba@awkhad.com> Jacques-Etienne Baudoux <>
Jacques-Etienne Baudoux <jba@awkhad.com> jba <>
Jagdish Panchal <jap@tinyerp.com>
Jagdish Panchal <jap@tinyerp.com> JAP(ZgUI) <>
Jagdish Panchal <jap@tinyerp.com> Jagdish Panchal (Open ERP) <>
Jalpesh Patel <pja@tinyerp.com>
James Jesudason <james.jesudason@canonical.com> James Jesudason,VRA(ZgUI) <>
Jamin Shah <jas@tinyerp.com>
Jamin Shah <jas@tinyerp.com> <jas@zgui.com>
Jan Verlaan <jverlaan@veritos.nl> Jan Verlaan (Veritos) <>
Javier Duran <javier@vauxoo.com>
Javier Duran <javier@vauxoo.com> Javier Duran javier@vauxoo.com <>
Javier Duran <javier@vauxoo.com> javier@vauxoo.com <>
Javier Duran <javier@vauxoo.com> javieredm@vauxoo.com <>
Jay Patel <jpa@tinyerp.com>
Jay Patel <jpa@tinyerp.com> <jpa@zgui.com>
Jay Vora <jvo@tinyerp.com>
Jay Vora <jvo@tinyerp.com> <jvo@zgui.com>
Jay Vora <jvo@tinyerp.com> ACH,JVO <>
Jay Vora <jvo@tinyerp.com> ACH,VRA <>
Jay Vora <jvo@tinyerp.com> CHS,JVO <>
Jay Vora <jvo@tinyerp.com> GPA,JVO <>
Jay Vora <jvo@tinyerp.com> JVO (ZgUI) <>
Jay Vora <jvo@tinyerp.com> JVO(ZgUI) <>
Jay Vora <jvo@tinyerp.com> Jay (ZgUI)
Jay Vora <jvo@tinyerp.com> Jay (ZgUI) <>
Jay Vora <jvo@tinyerp.com> Jay (Zgui) <>
Jay Vora <jvo@tinyerp.com> Jay(Open ERP) <>
Jay Vora <jvo@tinyerp.com> Jvo(Open ERP) <>
Jay Vora <jvo@tinyerp.com> Jvo,Uco <>
Jay Vora <jvo@tinyerp.com> SME,JVO <>
Jay Vora <jvo@tinyerp.com> UCO,JVO <>
Jay Vora <jvo@tinyerp.com> VRA,JVO <>
Jay Vora <jvo@tinyerp.com> YSA,JVO <>
Jay Vora <jvo@tinyerp.com> jvo <>
Jay Vora <jvo@tinyerp.com> jvo(Open ERP) <>
Jay Vora <jvo@tinyerp.com> jvo(ZgUI) <>
Jay Vora <jvo@tinyerp.com> jvo@tinyerp.com <>
Jay Vora (Serpent CS) <jay.vora@serpentcs.com>
Jay Vora (Serpent CS) <jay.vora@serpentcs.com> <serpentcs.lp@gmail.com>
Jay Vora (Serpent CS) <jay.vora@serpentcs.com> <support@serpentcs.com>
Jaydeep Barot <jar@tinyerp.com>
Jaydeep Barot <jar@tinyerp.com> <jar@zgui.com>
Jaydeep Barot <jar@tinyerp.com> <jaydeep.gvp@gmail.com>
Jean-Baptiste Aubort <jean-baptiste.aubort@camptocamp.com>
Jean-Baptiste Aubort <jean-baptiste.aubort@camptocamp.com> <jbaubort@brinta>
Jean-Baptiste Aubort <jean-baptiste.aubort@camptocamp.com> <jbaubort@wichside>
Jean-Christophe Vassort <jcv@zgui.com>
Jean-Christophe Vassort <jcv@zgui.com>
Jean-Sebastien Suzanne <jssuzanne@anybox.fr> Jean-Sebastien SUZANNE <>
Jenil Malavia <jma@tinyerp.com>
Jenil Malavia <jma@tinyerp.com> JMA(OpenEPR) <>
Jenil Malavia <jma@tinyerp.com> JMA(ZgUI) <>
Jenil Malavia <jma@tinyerp.com> Jenil(ZgUI) <>
Jeremy Kersten <jke@awkhad.com>
Jeremy Kersten <jke@awkhad.com> <jke@zgui.com>
Jeremy Kersten <jke@awkhad.com> jke-zgui <>
Jeremy Kersten <jke@awkhad.com> jke@zgui.com <>
Jeroen Mollers <j.mollers@magneto.nl> Jeroen Mollers <>
Jeroen van der Waal <jeroenvdwaal@gmail.com> Jeroen van der Waal <>
Jigar Amin <jam@tinyerp.com>
Jigar Amin <jam@tinyerp.com> <jam@zgui.com>
Jigar Amin <jam@tinyerp.com> JAM (ZgUI) <>
Jigar Amin <jam@tinyerp.com> JAM(ZgUI) <>
Jigar Amin <jam@tinyerp.com> amami <>
Jigar Amin <jam@tinyerp.com> jam <>
Jignesh Rathod <jir@tinyerp.com>
Jignesh Rathod <jir@tinyerp.com> <jir@jir-desktop>
Jignesh Rathod <jir@tinyerp.com> <jir@zgui.com>
Jiten Rangwala <jra@tinyerp.com>
Jiten Rangwala <jra@tinyerp.com> <jiten@jiten-laptop>
Jitendra Prajapati <jpr@tinyerp.com>
Jitendra Prajapati <jpr@tinyerp.com> <jpr@zgui.com>
Jitendra Prajapati <jpr@tinyerp.com> <prajapatijitendra7969@gmail.com>
Jordi Esteve <jesteve@zikzakmedia.com>
Jordi Esteve <jesteve@zikzakmedia.com> Jordi Esteve <>
Jose Patricio Villarreal <josepato@bias.com.mx> Jose Patricio Villarreal <>
Jose Patricio Villarreal <josepato@bias.com.mx> jose <>
Josse Colpaert <jco@zgui.com> <jco@awkhad.com>
Joël Grand-Guillaume <joel.grandguillaume@camptocamp.com>
Joël Grand-Guillaume <joel.grandguillaume@camptocamp.com> <jgrandguillaume@tunupa.wrk.lsn.camptocamp.com>
Joël Grand-Guillaume <joel.grandguillaume@camptocamp.com> Joël Grand-Guillaume @ CampToCamp <>
Joël Grand-Guillaume <joel.grandguillaume@camptocamp.com> Joël Grand-Guillaume,Jvo <>
Joël Grand-Guillaume <joel.grandguillaume@camptocamp.com> <joel.grandguillaume@gmail.com>
Juan Rial <jri@zgui.com>
Juan Rial <jri@zgui.com> <jrial@safehex.be>
Juan Rial <jri@zgui.com> jri@zgui.com <>
Julien Legros <jle@awkhad.com>
Justin Warren <justin@eigenmagic.com> Justin Warren <>
Jérome Maes <jem@zgui.com>
Kevin Wang <kevin_327@163.com>
Khushboo Bhatt <kbh@tinyerp.com>
Khushboo Bhatt <kbh@tinyerp.com> <kbh@bde-desktop>
Khushbu Modi <kmo@tinyerp.com>
Khushbu Modi <kmo@tinyerp.com> kmo <kgo@kgo-desktop>
Kirti Savalia <ksa@tinyerp.com>
Kirti Savalia <ksa@tinyerp.com> <ksa@tinyerp.co.in>
Kirti Savalia <ksa@tinyerp.com> KSA (Open ERP) <>
Kirti Savalia <ksa@tinyerp.com> KSA (ZgUI) <>
Kirti Savalia <ksa@tinyerp.com> KSA(Open ERP) <>
Kuldeep Joshi <kjo@tinyerp.com>
Kuldeep Joshi <kjo@tinyerp.com> <th_dev2@zgui.co.in>
Kuldeep Joshi <kjo@tinyerp.com> kjo <>
Kunal Chavda <kch@tinyerp.com>
Kunal Mathur <kum@tinyerp.com>
Kunal Mathur <kum@tinyerp.com> <kum@tinyerp.co.in>
Kunal Mathur <kum@tinyerp.com> KUM(ZgUI) <>
Laetitia Gangloff <laetitia.gangloff@acsone.eu>
Launchpad <codehost@crowberry>
Launchpad <codehost@crowberry> Launchpad Translations on behalf of zgui <>
Launchpad <codehost@crowberry> Launchpad Translations on behalf of zgui-commiter <>
Laurent Mignon <laurent.mignon@acsone.eu>
Laznik Dusan <laznik@mentis.si>
Laznik Dusan <laznik@mentis.si> <dusan@ubuntu>
Leonardo Pistone <leonardo.pistone@camptocamp.com>
Leonardo Pistone <leonardo.pistone@camptocamp.com> <leonardo.pistone@agilebg.com>
Leonardo Pistone <leonardo.pistone@camptocamp.com> <leonardo.pistone@domsense.com>
Lionel Sausin <ls@numerigraphe.fr>
Lionel Sausin <ls@numerigraphe.fr> <ls@numerigraphe.com>
Lionel Sausin <ls@numerigraphe.fr> Lionel <>
Lionel Sausin <ls@numerigraphe.fr> Numérigraphe <>
Lorenzo Battistini <lorenzo.battistini@agilebg.com>
Lorenzo Battistini <lorenzo.battistini@agilebg.com> <lorenzo.battistini@domsense.com>
Lorenzo Battistini <lorenzo.battistini@agilebg.com> Lorenzo Battistini <>
Luc De Meyer <luc.demeyer@noviat.be>
Luc De Meyer <luc.demeyer@noviat.be> Luc De Meyer <>
Luc De Meyer <luc.demeyer@noviat.be> Noviat <>
Luis Falcon <lfalcon@thymbra.com> Luis Falcon(Thymbra) <>
Mahendra Barad <mba@tinyerp.com>
Mahendra Barad <mba@tinyerp.com> <baradmahendra344@gmail.com>
Mahendra Barad <mba@tinyerp.com> <mba@zgui.com>
Manfred Rockel <mrockel89@googlemail.com> Manfred Rockel <>
Mansi Kariya <mka@tinyerp.com>
Mansi Kariya <mka@tinyerp.com> <mansi.mk.179@gmail.com>
Mansi Kariya <mka@tinyerp.com> <mka@zgui.com>
Mantavya Gajjar <mga@tinyerp.com>
Mantavya Gajjar <mga@tinyerp.com> <mga@mga-laptop>
Mantavya Gajjar <mga@tinyerp.com> <mga@mga>
Mantavya Gajjar <mga@tinyerp.com> <mga@zgui.com>
Mantavya Gajjar <mga@tinyerp.com> <mga@tinyerp.co.in>
Mantavya Gajjar <mga@tinyerp.com> MGA(ZgUI) <>
Mantavya Gajjar <mga@tinyerp.com> Matvaya Gajjar(Zgui) <>
Mantavya Gajjar <mga@tinyerp.com> mga@tinyerp.com <>
Manuel Abadia <info@tiedra.net> Manu <>
Manuel Abadia <info@tiedra.net> Manu, Jigar Amin - ZgUI <>
Marcelo Hamra <marcelo.hamra@gmail.com> Marcelo Hamra <>
Marcelo Hamra <marcelo.hamra@gmail.com> marcelo <marcelo@hakuna>
Mario Arias Badila <the.clone.master@gmail.com>
Markus Schneider <markus.schneider@initos.com> markus <>
Marta Vázquez Rodríguez <marta@pexego.es> marta(pexego) <>
Martin Donies <mdo@awkhad.com>
Martin Trigaux <mat@awkhad.com> <mart-e@users.noreply.github.com>
Martin Trigaux <mat@awkhad.com> <mat@zgui.com>
Maulik Patel <mpa@tinyerp.com>
Max Mumford <mmu@zgui.com>
Max Mumford <mmu@zgui.com> <maxmumford@gmail.com>
Maxime Chambreuil <maxime.chambreuil@savoirfairelinux.com>
Maxime Chambreuil <maxime.chambreuil@savoirfairelinux.com> <maxime.chambreuil@gmail.com>
Maxime Chambreuil <maxime.chambreuil@savoirfairelinux.com> Maxime Chambreuil (http://www.savoirfairelinux.com) <>
Maxime Chambreuil <maxime.chambreuil@savoirfairelinux.com> Maxime Chambreuil <>
Mayur Maheshwari <mma@tinyerp.com>
Mayur Maheshwari <mma@tinyerp.com> Mayur Maheshwari <>
Mayur Maheshwari <mma@tinyerp.com> mma <>
Meera Trambadia <mtr@tinyerp.com>
Meera Trambadia <mtr@tinyerp.com> <mtr@mtr>
Meera Trambadia <mtr@tinyerp.com> MTR (ZgUI) <>
Meera Trambadia <mtr@tinyerp.com> MTR <>
Meera Trambadia <mtr@tinyerp.com> MTR(ZgUI) <>
Meera Trambadia <mtr@tinyerp.com> MTR(Zgui) <>
Meera Trambadia <mtr@tinyerp.com> Meera Trambadia (ZgUI) <>
Meera Trambadia <mtr@tinyerp.com> mtr (Open ERP) <>
Meera Trambadia <mtr@tinyerp.com> mtr <>
Mehul Mehta <mme@tinyerp.com>
Mehul Mehta <mme@tinyerp.com> <mehulmehta008@gmail.com>
Mehul Mehta <mme@tinyerp.com> <mme@zgui.com>
Michael Telahun Makonnen <mmakonnen@gmail.com>
Michael Telahun Makonnen <mmakonnen@gmail.com> Michael Telahun Makonnen, mtr(ZgUI) <>
Michael Vannerom <mva@zgui.com>
Mikel Martin <mikel.martin@gmail.com> mikel <mikel@pcl2>
Mitesh Savani <msa@zgui.com>
Mitesh Soni <mso@tinyerp.com>
Mitesh Soni <mso@tinyerp.com> <mso@mso>
Mitesh Soni <mso@tinyerp.com> mso (Open ERP) <>
Mohamed Arif <arifmlpm@gmail.com> arifmlpm@gmail.com <>
Mohammad Alhashash <alhashash@alhashash.net>
Mohammad Alhashash <alhashash@alhashash.net> <alhashash@centrivision.com>
Mohammed Shekha <msh@tinyerp.com>
Mohammed Shekha <msh@tinyerp.com> <msh@zgui.com>
Mohammed Shekha <msh@tinyerp.com> Mohammed Shekha <>
Mohammed Shekha <msh@tinyerp.com> Mohammed Shekha(Open ERP) <>
Moises Lopez <moylop260@vauxoo.com>
Moises Lopez <moylop260@vauxoo.com> <moylop260@hotmail.com>
Mustufa Rangwala <mra@tinyerp.com>
Mustufa Rangwala <mra@tinyerp.com> <mra@mra-laptop>
Mustufa Rangwala <mra@tinyerp.com> Mustufa Rangwala <>
Mustufa Rangwala <mra@tinyerp.com> mra (Open ERP) <>
Najlaâ El Khayat <nel@awkhad.com>
Najlaâ El Khayat <nel@awkhad.com> <nel@silver>
Najlaâ El Khayat <nel@awkhad.com> <nel@tinyerp.com>
Najlaâ El Khayat <nel@awkhad.com> nel <>
Najlaâ El Khayat <nel@awkhad.com> nel-tinyerp <>
Najlaâ El Khayat <nel@awkhad.com> nel@tinyerp.com <>
Naresh Choksy <nch@tinyerp.com>
Naresh Choksy <nch@tinyerp.com> NCH (Open ERP) <>
Naresh Choksy <nch@tinyerp.com> NCH (ZgUI) <>
Naresh Choksy <nch@tinyerp.com> NCH <>
Naresh Choksy <nch@tinyerp.com> NCH(ZgUI) <>
Naresh Choksy <nch@tinyerp.com> NCH(zgui) <>
Naresh Choksy <nch@tinyerp.com> NCH-ZgUI <>
Naresh Choksy <nch@tinyerp.com> Nch (ZgUI) <>
Naresh Choksy <nch@tinyerp.com> nch <>
Naresh Choksy <nch@tinyerp.com> nch-zgui <>
Naresh Choksy <nch@tinyerp.com> nch@tinyerp.com <>
Navrang Oz <noz@tinyerp.com>
Navrang Oz <noz@tinyerp.com> NOZ (ZgUI) <>
Navrang Oz <noz@tinyerp.com> noz@tinyerp.com <>
Nehal Panchal <nep@tinyerp.com>
Nehal Panchal <nep@tinyerp.com> Nehal Panchal (ZgUI) <>
Nehal Panchal <nep@tinyerp.com> Nehal Panchal <>
Nhomar Hernandez <nhomar@vauxoo.com>
Nhomar Hernandez <nhomar@vauxoo.com> <nhomar@gmail.com>
Nick Booker <nick.booker@opusvl.com>
Nick Booker <nick.booker@opusvl.com> <Nick-OpusVL@users.noreply.github.com>
Nicolas Bessi <nicolas.bessi@camptocamp.com>
Nicolas Bessi <nicolas.bessi@camptocamp.com> Nicolas <>
Nicolas Bessi <nicolas.bessi@camptocamp.com> Nicolas Bessi(C2C) <>
Nicolas Bessi <nicolas.bessi@camptocamp.com> nicolas.bessi@camptocamp.com <>
Nicolas De Smet <zyphos@zyphos.be> Zyph0s <>
Nicolas Seinlet <nse@awkhad.com> <nicolas@seinlet.com>
Nicolas Vanhoren <niv@zgui.com>
Nicolas Vanhoren <niv@zgui.com> <nicolas.vanhoren@zgui.com>
Nicolas Vanhoren <niv@zgui.com> <niv@niv-laptop>
Nicolas Vanhoren <niv@zgui.com> niv@zgui.com <>
Nicolas Wisniewski <nwi@zgui.com>
Niels Huylebroeck <niels@bubbles-it.be>
Niels Huylebroeck <niels@bubbles-it.be> <github@nightwalkers.be>
Niels Huylebroeck <niels@bubbles-it.be> <nh@agaplan.eu>
Niels Huylebroeck <niels@bubbles-it.be> Niels Huylebroeck <>
Niels Huylebroeck <niels@bubbles-it.be> Niels(Red15) <>
Niels Huylebroeck <niels@bubbles-it.be> Niels(Rrd15) <>
Niels Huylebroeck <niels@bubbles-it.be> Red15 <>
Nikunj Jani <jni@tinyerp.com>
Nikunj Jani <jni@tinyerp.com> <jni@tinyerp.co.in>
Nikunj Jani <jni@tinyerp.com> Reporting Team(JNI ZgUI) <>
Nimesh Contractor <nco@tinyerp.com>
Oliver Laurent <olivier.laurent@acsone.eu>
Olivier Dony <odo@zgui.com>
Olivier Dony <odo@zgui.com> <olinether@gmail.com>
Olivier Dony <odo@zgui.com> <olivier@Olivier-Donys-MacBook-Pro.local>
Olivier Dony <odo@zgui.com> Odowan Kenobi <>
Olivier Dony <odo@zgui.com> Olivier Dony <>
Olivier Dony <odo@zgui.com> Olivier Laurent, Olivier Dony <>
Olivier Dony <odo@zgui.com> ZgUI Framework R&D Team <>
Olivier Dony <odo@zgui.com> odo@tinyerp.com <>
Olivier Dossmann <od@tempo-consulting.fr> Olivier DOSSMANN <olivier@tempo-laptop>
Olivier Laurent <olt@awkhad.com>
Olivier Laurent <olt@awkhad.com> <olt@zgui.com>
Olivier Laurent <olt@awkhad.com> <olt@tinyerp.com>
Olivier Laurent <olt@awkhad.com> olt at tinyerp <>
Olivier Laurent <olt@awkhad.com> olt@tinyerp.com <>
Olivier Macchioni <olivier.macchioni@wingo.ch> <mac@Olivier-Macchionis-MacBook-Pro-2.local>
Omar Castiñeira Saavedra <omar@pexego.es>
Omar Castiñeira Saavedra <omar@pexego.es> Omar (Pexego) <>
Omar Castiñeira Saavedra <omar@pexego.es> Omar <omar@pexego.es>
Omar Castiñeira Saavedra <omar@pexego.es> Omar(Pexego),Anup(ZgUI) <>
Omar Castiñeira Saavedra <omar@pexego.es> omar7r <>
Ostap Yakovenko <OstapYakovenko@users.noreply.github.com>
Pankaj Joshi <pji@tinyerp.com>
Pankaj Joshi <pji@tinyerp.com> Pankaj Joshi <pji@zgui.com>
Pankita Shah <shp@tinyerp.com>
Pankti Parikh <pap@tinyerp.com>
Pankti Parikh <pap@tinyerp.com> <pap@tinyerp.co.in>
Pankti Parikh <pap@tinyerp.com> PAP (Zgui) <>
Pankti Parikh <pap@tinyerp.com> PAP(ZgUI) <>
Pankti Parikh <pap@tinyerp.com> PAP(Zgui) <>
Pankti Parikh <pap@tinyerp.com> pap (ZgUI) <>
Pankti Parikh <pap@tinyerp.com> pap(zgui) <>
Pankti Parikh <pap@tinyerp.com> pap@tinyerp.com <>
Panos Christeas <xrg@zgui.com>
Panos Christeas <xrg@zgui.com> <p_chr...@hol.gr>
Panos Christeas <xrg@zgui.com> <p_christ@hol.gr>
Panos Christeas <xrg@zgui.com> <xrg@hellug.gr>
Panos Christeas <xrg@zgui.com> <xrg@linux.gr>
Panos Christeas <xrg@zgui.com> P. Christeas <>
Panos Christeas <xrg@zgui.com> P. Christeas, O. Dony <>
Panos Christeas <xrg@zgui.com> P. Christeas, Olivier Dony <>
Panos Christeas <xrg@zgui.com> XRG <>
Panos Christeas <xrg@zgui.com> p_christ@hol.gr <>
Panos Christeas <xrg@zgui.com> p_christeas <>
Panos Christeas <xrg@zgui.com> p_christeas@amessage.de <>
Panos Christeas <xrg@zgui.com> xrg (P. Christeas) <>
Panos Christeas <xrg@zgui.com> xrg <>
Panos Christeas <xrg@zgui.com> xrg@hellug.gr <>
Paramjit Singh Sahota <psa@tinyerp.com>
Paramjit Singh Sahota <psa@tinyerp.com> <psa@zgui.com>
Pariket Trivedi <ptr@tinyerp.com>
Pariket Trivedi <ptr@tinyerp.com> <ptr@zgui.com>
Pariket Trivedi <ptr@tinyerp.com> <trivedi.pariket@gmail.com>
Parth Gajjar <pga@tinyerp.com>
Parthiv Patel <parthiv@techreceptives.com>
Parthiv Patel <parthiv@techreceptives.com> <parthivgls@gmail.com>
Patrick Monnerat <pm@datasphere.ch> Patrik <>
Patrick Thieuleux <patrick.thieuleux@groupes.be> Patrick Thieuleux <>
Paul J Stevens <pjstevns@gmail.com> Paul J Stevens <>
Paul Rad-Dupuy <signup@vivisci.com> vivisci <>
Paulius Sladkevičius <komsas@gmail.com>
Paulius Sladkevičius <komsas@gmail.com> Paulius Sladkevičius <paulius@hacbee.com>
Paulius Sladkevičius <komsas@gmail.com> Paulius Sladkevičius <paulius@hbee.eu>
Paulius Sladkevičius <komsas@gmail.com> Paulius Sladkevičius <paulius@inovera.lt>
Paulius Sladkevičius <komsas@gmail.com> paulius <>
Pedro Manuel Baeza <pedro.baeza@gmail.com> <pedro.baeza@serviciosbaeza.com>
Peter Langenberg <pl@agaplan.eu>
Peter Langenberg <pl@agaplan.eu> Peter Langenberg <>
Philu <philubert@gmail.com> philubert@gmail.com <>
Phong Nguyen <phong.nguyen_thanh@yahoo.com> <phongnt@phongnt-laptop>
Phong Nguyen <phong.nguyen_thanh@yahoo.com> Phong Nguyen-Thanh <>
Phuong Lu <phu@awkhad.com> phu <>
Pinakin Nayi <pna@tinyerp.com>
Pinakin Nayi <pna@tinyerp.com> <pna@zgui.com>
Pinakin Nayi <pna@tinyerp.com> Pinakin Nai(ZgUI) <>
Pinakin Nayi <pna@tinyerp.com> Pinakin Nayi(ZgUI) <>
Pooja Zankhariya <pza@tinyerp.com>
Pooja Zankhariya <pza@tinyerp.com> <pooja.zakhariya@gmail.com>
Pooja Zankhariya <pza@tinyerp.com> Pooja Zankhariya (ZgUI) <>
Prashant Panchal <ppa@tinyerp.com>
Prashant Panchal <ppa@tinyerp.com> <ppa@zgui.com>
Priyesh Solanki <pso@tinyerp.com>
Priyesh Solanki <pso@tinyerp.com> <pso@zgui.com>
Priyesh Solanki <pso@tinyerp.com> <solanki.priyesh@gmail.com>
Priyesh Solanki <pso@tinyerp.com> PSO(Open ERP) <>
Priyesh Solanki <pso@tinyerp.com> PSO(ZgUI) <>
Priyesh Solanki <pso@tinyerp.com> Priyesh (ZgUI) <>
Priyesh Solanki <pso@tinyerp.com> pso <>
Purnendu Singh <psi@tinyerp.com>
Purnendu Singh <psi@tinyerp.com> <psi@tinyerp.co.in>
Purnendu Singh <psi@tinyerp.com> PSI (ZgUI) <>
Purnendu Singh <psi@tinyerp.com> PSI (Zgui) <>
Purnendu Singh <psi@tinyerp.com> PSI(ZgUI) <>
Purnendu Singh <psi@tinyerp.com> PSI(Zgui) <>
Purnendu Singh <psi@tinyerp.com> Purnendu Singh <>
Purnendu Singh <psi@tinyerp.com> psi(Open ERP) <>
Purnendu Singh <psi@tinyerp.com> psi(ZgUI) <>
Purnendu Singh <psi@tinyerp.com> psi(Zgui) <>
Purnendu Singh <psi@tinyerp.com> psi@tinyerp.co.in <>
Quentin De Paoli <qdp@awkhad.com>
Quentin De Paoli <qdp@awkhad.com> <qdp-launchpad@zgui.com>
Quentin De Paoli <qdp@awkhad.com> <qdp-launchpad@tinyerp.com>
Quentin De Paoli <qdp@awkhad.com> <qdp@zgui.com>
Quentin De Paoli <qdp@awkhad.com> <qdp@tinyerp.com>
Quentin De Paoli <qdp@awkhad.com> ZgUI <zgui@ubuntu>
Quentin De Paoli <qdp@awkhad.com> Quentin <qdp@jade>
Quentin De Paoli <qdp@awkhad.com> Quentin De Paoli <>
Quentin De Paoli <qdp@awkhad.com> Quentin De Paoli <qdp@cyan>
Quentin De Paoli <qdp@awkhad.com> qdp (ZgUI) <>
Quentin De Paoli <qdp@awkhad.com> qdp <>
Quentin De Paoli <qdp@awkhad.com> qdp-launchpad@tinyerp.com <>
Quentin De Paoli <qdp@awkhad.com> qdp-awkhad <qdp@awkhad.com>
Quentin Theuret <qt@tempo-consulting.fr>
Quentin Theuret <qt@tempo-consulting.fr> <quentin@quentin-tempo>
Quentin Theuret <qt@tempo-consulting.fr> <quentin@tempo-quentin>
Quentin Theuret <qt@tempo-consulting.fr> <quentin@theuret.net>
Quentin Theuret <qt@tempo-consulting.fr> Quentin THEURET <>
Rajesh Prajapati <rpr@tinyerp.com>
Rakesh Sindhav <rsi@tinyerp.com>
Rakesh Sindhav <rsi@tinyerp.com> <rsi@zgui.com>
Randhir Mayatra <rma@tinyerp.com>
Randhir Mayatra <rma@tinyerp.com> <rajmyt@gmail.com>
Randhir Mayatra <rma@tinyerp.com> <rma@awkhad.com>
Raphael Collet <rco@zgui.com>
Raphael Collet <rco@zgui.com> <raphael.collet@gmail.com>
Raphaël Valyi <rvalyi@gmail.com>
Raphaël Valyi <rvalyi@gmail.com> Raphael Valyi <>
Raphaël Valyi <rvalyi@gmail.com> Raphael Valyi(Akretion) <>
Raphaël Valyi <rvalyi@gmail.com> Raphaël Valyi - http://www.akretion.com <>
Raphaël Valyi <rvalyi@gmail.com> Raphaël Valyi <>
Raphaël Valyi <rvalyi@gmail.com> Raphaël Valyi, Olivier Dony <>
Raphaël Valyi <rvalyi@gmail.com> rvalyi <>
Rashmin Lumbhani <rlu@tinyerp.com>
Rashmin Lumbhani <rlu@tinyerp.com> <rlu@zgui.com>
Ravi Gadhia <rga@tinyerp.com>
Ravi Gadhia <rga@tinyerp.com> <rga@rga-desktop>
Ravi Gadhia <rga@tinyerp.com> <rga@tinyerp.co.in>
Ravi Gadhia <rga@tinyerp.com> Margarita Manterola <>
Ravi Gadhia <rga@tinyerp.com> RGA (ZgUI) <>
Ravi Gadhia <rga@tinyerp.com> RGA(Open ERP) <>
Ravi Gadhia <rga@tinyerp.com> RGA(ZgUI) <>
Ravi Gadhia <rga@tinyerp.com> RGA(zGUI) <>
Ravi Gadhia <rga@tinyerp.com> Ravi Gadhia <rga@tinyerp.com>
Ravi Gadhia <rga@tinyerp.com> Rga <>
Ravi Gadhia <rga@tinyerp.com> Rga(zGUI) <>
Ravi Gadhia <rga@tinyerp.com> rga <>
Ravi Gadhia <rga@tinyerp.com> rga@zgui.com <>
Ravi Gohil <rgo@tinyerp.com>
Ravi Gohil <rgo@tinyerp.com> <rgo@zgui.com>
Ravi Gohil <rgo@tinyerp.com> Ravi Gohil (ZgUI) <>
Ravi Gohil <rgo@tinyerp.com> rgo <>
Ravindra Mekhiya <rme@tinyerp.com>
Ravindra Mekhiya <rme@tinyerp.com> <rme@rme-desktop>
Ravindra Mekhiya <rme@tinyerp.com> RME(ZgUI) <>
Ravindra Mekhiya <rme@tinyerp.com> Ravindra Mekhiya (ZgUI) <>
Ravish Murari <rmu@tinyerp.com>
Ravish Murari <rmu@tinyerp.com> <rmu@zgui.com>
Ravish Murari <rmu@tinyerp.com> Ravish(ZgUI) <>
Renato Lima <renatonlima@gmail.com>
Renato Lima <renatonlima@gmail.com> Renato Lima - http://www.akretion.com <>
Renato Lima <renatonlima@gmail.com> Renato Lima <>
Renato Lima <renatonlima@gmail.com> Renato Lima <renato@renato-laptop>
Renato Lima <renatonlima@gmail.com> renatonlima@gmail.com <>
Richard Mathot <rim@awkhad.com>
Richard Mathot <rim@awkhad.com> <rim@zgui.com>
Richard Mathot <rim@awkhad.com> Richard Mathot (ZgUI) <>
Richard Mathot <rim@awkhad.com> rim-awkhad <>
Rifakat Haradwala <rha@tinyerp.com>
Rifakat Haradwala <rha@tinyerp.com>  Rifakat (ZgUI) <>
Rifakat Haradwala <rha@tinyerp.com> <rha@zgui.com>
Rifakat Haradwala <rha@tinyerp.com> <rha@rha-desktop>
Rifakat Haradwala <rha@tinyerp.com> RHA (Open ERP) <>
Rifakat Haradwala <rha@tinyerp.com> RHA (ZgUI) <>
Rifakat Haradwala <rha@tinyerp.com> RHA(ZgUI) <>
Rifakat Haradwala <rha@tinyerp.com> Rifakat (ZgUI) <>
Rifakat Haradwala <rha@tinyerp.com> Rifakat <>
Rifakat Haradwala <rha@tinyerp.com> Rifakat Haradwala (ZgUI) <>
Rifakat Haradwala <rha@tinyerp.com> Rifakat Haradwala(ZgUI) <>
Rifakat Haradwala <rha@tinyerp.com> rha(ZgUI) <>
Rifakat Haradwala <rha@tinyerp.com> rha@tinyerp.com <>
Rikenkumar Bhorania <rch@tinyerp.com>
Rikenkumar Bhorania <rch@tinyerp.com> <rch@rch-desktop>
Rikenkumar Bhorania <rch@tinyerp.com> <rch@rch-zgui>
Rikenkumar Bhorania <rch@tinyerp.com> RCH <>
Rikenkumar Bhorania <rch@tinyerp.com> RCH(Open ERP) <>
Rikenkumar Bhorania <rch@tinyerp.com> RCH(ZgUI) <>
Rikenkumar Bhorania <rch@tinyerp.com> RCH(ZgUI). <>
Rikenkumar Bhorania <rch@tinyerp.com> rch (Open ERP) <>
Rikenkumar Bhorania <rch@tinyerp.com> rch (ZgUI) <>
Rikenkumar Bhorania <rch@tinyerp.com> rch(ZgUI) <>
Rima Vora <rvo@tinyerp.com>
Rima Vora <rvo@tinyerp.com> <rvo@tinyerp.co.in>
Rima Vora <rvo@tinyerp.com> RVO <>
Rima Vora <rvo@tinyerp.com> RVO(ZgUI) <>
Rima Vora <rvo@tinyerp.com> Rvo(Open ERP) <>
Robert Sevcik <robajz@robajz.info> Robajz <>
Roberto López López <rlo@zgui.com>
Rohan Nayani <ron@tinyerp.com>
Rohan Nayani <ron@tinyerp.com> RON (ZgUI) <>
Rohan Nayani <ron@tinyerp.com> ron@tinyerp.com <>
Rolv Råen <rolv.raen@gmail.com>
Rolv Råen <rolv.raen@gmail.com> rora@adego.no <>
Ronak Baxi <rba@tinyerp.com>
Ronak Baxi <rba@tinyerp.com> Ronak Baxi <rba@zgui.com>
Ronald Portier <rportier@therp.nl>
Ronald Portier <rportier@therp.nl> Ronald Portier (Therp) <>
Ronald Portier <rportier@therp.nl> Ronald Portier (Therp) <>
Ronald Portier <rportier@therp.nl> <ronald@therp.nl>
Rucha Patel <rpa@tinyerp.com>
Rucha Patel <rpa@tinyerp.com> <rpa@zgui.co.in>
Rucha Patel <rpa@tinyerp.com> <rpa@zgui.com>
Rucha Patel <rpa@tinyerp.com> <ruchakpatel@gmail.com>
Rucha Patel <rpa@tinyerp.com> RPA(ZgUI) <>
Rucha Patel <rpa@tinyerp.com> rpa(Open ERP) <>
Rucha Patel <rpa@tinyerp.com> rpa-zgui <>
Sabrina Romero <sabrina@vauxoo.com>
Saiyed Azadahmed <saz@tinyerp.com>
Saiyed Azadahmed <saz@tinyerp.com> <azaz.201186@gmail.com>
Saiyed Azadahmed <saz@tinyerp.com> SAZ (Open ERP) <>
Saiyed Azadahmed <saz@tinyerp.com> SAZ (ZgUI) <>
Saiyed Azadahmed <saz@tinyerp.com> SAZ (Opn ERP) <>
Saiyed Azadahmed <saz@tinyerp.com> SAZ (OprnERP) <>
Saiyed Azadahmed <saz@tinyerp.com> SAZ(ZgUI) <>
Saiyed Azadahmed <saz@tinyerp.com> SAz <>
Saiyed Azadahmed <saz@tinyerp.com> saz <>
Saiyed Azadahmed <saz@tinyerp.com> saz(ZgUI) <>
Saiyed Azadahmed <saz@tinyerp.com> saz(zgui) <>
Salvatore Trimarchi <salvatore@trigluu.com>
Salvi Angjeli <s_angjeli@yahoo.com> Salvi Angjeli <>
Sananaz Mansuri <sma@tinyerp.com>
Sananaz Mansuri <sma@tinyerp.com> SMA(ZgUI) <>
Sananaz Mansuri <sma@tinyerp.com> sma@tinyerp.com <>
Sandy Carter <sandy.carter@savoirfairelinux.com>
Sandy Carter <sandy.carter@savoirfairelinux.com> <bwrsandman@gmail.com>
Sanjay Gohel <sgo@tinyerp.com>
Sanjay Gohel <sgo@tinyerp.com> Sanjay Gohel (Open ERP) <>
Sanjay Gohel <sgo@tinyerp.com> sgo <>
Sanjay Gohel <sgo@tinyerp.com> sgo@tinyerp.com <>
Saurang Suthar <ssu@tinyerp.com>
Saurang Suthar <ssu@tinyerp.com> <ssu@ssu-desktop>
Saurang Suthar <ssu@tinyerp.com> Saurang Suthar (ZgUI) <>
Saurang Suthar <ssu@tinyerp.com> Saurang Suthar(ZgUI) <>
Saurang Suthar <ssu@tinyerp.com> help <>
Sebastien Alix <sebastien.alix@osiell.com>
Sebastien Alix <sebastien.alix@osiell.com> <seb@usr-src.org>
Sebastien LANGE <sebastien.lange@syleam.fr>
Sebastien LANGE <sebastien.lange@syleam.fr> <sebatien.lange@syleam.fr>
Sebastien LANGE <sebastien.lange@syleam.fr> Sebastien <>
Sebastien LANGE <sebastien.lange@syleam.fr> Sebastien LANGE <>
Sebastien LANGE <sebastien.lange@syleam.fr> Sébastien LANGE <>
Sebastien Versaille <sve@awkhad.com>
Sebastien Versaille <sve@awkhad.com> <sve@zgui.com>
Sergio Corato <sergiocorato@gmail.com> sergiocorato@gmail.com <>
Shanta Kabra <ksh@tinyerp.com>
Shanta Kabra <ksh@tinyerp.com> <ksh@zgui.co.in>
Shanta Kabra <ksh@tinyerp.com> <shanta.kabra@gmail.com>
Shanta Kabra <ksh@tinyerp.com> KSH(Axelor) <>
Sharoon Thomas <sharoonthomas@teagarden.in>
Sharoon Thomas <sharoonthomas@teagarden.in> Sharoon Thomas <>
Sheth Sunny <sus@tinyerp.com>
Sheth Sunny <sus@tinyerp.com> <sus@zgui.com>
Sheth Sunny <sus@tinyerp.com> <sus@sus-desktop>
Sheth Sunny <sus@tinyerp.com> sus <tiny@tiny-desktop>
Shyamli Singh <ssi@tinyerp.com>
Simon Lejeune <sle@zgui.com>
Simon Lejeune <sle@zgui.com> <zgui-sle@zgui-sle.home>
Simone Orsi <simahawk@gmail.com>
Simone Orsi <simahawk@gmail.com> <simone.orsi@domsense.com>
Simone Orsi <simahawk@gmail.com> Simone Orsi <>
Sofia Sahib <sso@tinyerp.com>
Sofia Sahib <sso@tinyerp.com> <sahibsofia@gmail.com>
Somesh Khare <skh@tinyerp.com>
Somesh Khare <skh@tinyerp.com> <skh@zgui.com>
Somesh Khare <skh@tinyerp.com> SKH(ZgUI) <>
Somesh Khare <skh@tinyerp.com> Somesh Khare(ZgUI) <>
Somesh Khare <skh@tinyerp.com> Somesh(ZgUI) <>
Somesh Khare <skh@tinyerp.com> Your Name <code@zgui.com>
Stefan Reisich <nafex@gmx.net>
Stefan Rijnhart <stefan@therp.nl>
Stefan Rijnhart <stefan@therp.nl> <root@yggdrasil>
Stefan Rijnhart <stefan@therp.nl> Stefan Rijnhart <>
Stefan Rijnhart <stefan@therp.nl> stefan@therp.nl <>
Stéphane Bidoul <stephane.bidoul@acsone.eu>
Stéphane Bidoul <stephane.bidoul@acsone.eu> Stéphane Bidoul <>
Stéphane Wirtel <stw@zgui.com> <Stef@user1>
Stéphane Wirtel <stw@zgui.com> <stephane@zgui.com>
Stéphane Wirtel <stw@zgui.com> <stephane@tinyerp.com>
Stéphane Wirtel <stw@zgui.com> <stephane@wirtel.be>
Stéphane Wirtel <stw@zgui.com> <stw@zgui.com>
Stéphane Wirtel <stw@zgui.com> Stephane Wirtel <>
Stéphane Wirtel <stw@zgui.com> stw <>
Stéphane Wirtel <stw@zgui.com> stw@zgui.com <>
Sunil Sharma <ssh@tinyerp.com>
Sunil Sharma <ssh@tinyerp.com> <ssh@zgui.com>
Sunil Sharma <ssh@tinyerp.com> <sunilsharma.sharma07@gmail.com>
Sylvain Calador <sylvain.calador@gmail.com> Sylvain Calador @ Logical Soft <>
Sébastien Beau <sebastien.beau@akretion.com>
Sébastien Beau <sebastien.beau@akretion.com> <sebastien.beau@akretion.com.br>
Sébastien Beau <sebastien.beau@akretion.com> Sébastien BEAU - http://www.akretion.com <>
Tejas Tank <tta@tinyerp.com>
Tejas Tank <tta@tinyerp.com> <tta@zgui.com>
Tejas Tank <tta@tinyerp.com> TTA <>
Thibault Delavallée <tde@zgui.com>
Thibault Delavallée <tde@zgui.com> <tde@awkhad.com>
Thibault Delavallée <tde@zgui.com> <tdelavallee@gmail.com>
Thibault Francois <tfr@zgui.com>
Thibault Francois <tfr@zgui.com> tfr(ZgUI) <>
Thibault Francois <tfr@zgui.com> tfr@zgui.com <>
Thomas Fossoul <fossoul.t@gmail.com>
Tidiane Sy <tsy@baamtu.com>
Tidiane Sy <tsy@baamtu.com> Tidiane Sy (BAAMTU), psi(ZgUI) <>
Tony Gu <tony@zgui.cn>
Tony Gu <tony@zgui.cn> <tony@wonderland>
Tony Gu <tony@zgui.cn> Tony Gu (zgui-chinese-team) <>
Tristan Hill <tristan.hill@credativ.co.uk>
Tristan Hill <tristan.hill@credativ.co.uk> Tristan Hill (credativ) <>
Turkesh Patel <tpa@tinyerp.com>
Turkesh Patel <tpa@tinyerp.com> Turkesh Patel (zGUI) <>
Twinkle Christian <tch@tinyerp.com>
Tymoteusz Motylewski <t.motylewski@gmail.com>
Tymoteusz Motylewski <t.motylewski@gmail.com> <t.motylewski@macopedia.pl>
Ujjvala Collins <uco@tinyerp.com>
Ujjvala Collins <uco@tinyerp.com>  UCO(ZgUI) <>
Ujjvala Collins <uco@tinyerp.com> <uco@tinyerp.co.in>
Ujjvala Collins <uco@tinyerp.com> SBH,UCO <>
Ujjvala Collins <uco@tinyerp.com> UCO (Open ERP) <>
Ujjvala Collins <uco@tinyerp.com> UCO (ZgUI) <>
Ujjvala Collins <uco@tinyerp.com> UCO <>
Ujjvala Collins <uco@tinyerp.com> UCO(ZGUI) <>
Ujjvala Collins <uco@tinyerp.com> UCO(Open ERP) <>
Ujjvala Collins <uco@tinyerp.com> UCO(ZgUI) <>
Ujjvala Collins <uco@tinyerp.com> UCO(ZgUI] <>
Ujjvala Collins <uco@tinyerp.com> Uco(ZgUI) <>
Ujjvala Collins <uco@tinyerp.com> lp:~uco-zgui <>
Ujjvala Collins <uco@tinyerp.com> uco (Open ERP) <>
Ujjvala Collins <uco@tinyerp.com> uco (ZgUI) <>
Ujjvala Collins <uco@tinyerp.com> uco <>
Ujjvala Collins <uco@tinyerp.com> uco <uco@uco>
Ujjvala Collins <uco@tinyerp.com> uco(Open ERP) <>
Ujjvala Collins <uco@tinyerp.com> uco(ZgUI) <>
Vadim Chobanu <enquiries@enapps.co.uk> Vadim - SmartMode LTD <>
Vaibhav Darji <vda@tinyerp.com>
Vaibhav Darji <vda@tinyerp.com> <vdavda@tinyerp.com>
Vaishali Thakkar <vth@tinyerp.com>
Vaishali Thakkar <vth@tinyerp.com> VTH(ZgUI) <>
Valencia Rodrigues <vro@tinyerp.com>
Valencia Rodrigues <vro@tinyerp.com> VRO(ZgUI) <>
Vee <vitridex@gmail.com> vitridex <>
Vianney da Costa <vianney.dacosta@akretion.com.br>
Vianney da Costa <vianney.dacosta@akretion.com.br> Vianney - www.akretion.com.br <>
Vianney da Costa <vianney.dacosta@akretion.com.br> Vianney,Anup(ZgUI) <>
Victor Tabuenca Calvo <vta@zgui.com>
Victor Tabuenca Calvo <vta@zgui.com> vta vta@zgui.com <>
Victor Tabuenca Calvo <vta@zgui.com> vta@zgui.com <>
Vidhin Mehta <vme@tinyerp.com>
Vidhin Mehta <vme@tinyerp.com> <vme@zgui.com>
Vinay Rana <vra@tinyerp.com>
Vinay Rana <vra@tinyerp.com> <vinusoft85@gmail.com>
Vinay Rana <vra@tinyerp.com> VRA (ZgUI) <>
Vinay Rana <vra@tinyerp.com> VRA <>
Vinay Rana <vra@tinyerp.com> VRA(Open ERP) <>
Vinay Rana <vra@tinyerp.com> VRA(ZgUI) <>
Vinay Rana <vra@tinyerp.com> Vra <>
Vinay Rana <vra@tinyerp.com> Vra-zgui <>
Vincent Renaville <vincent.renaville@camptocamp.com>
Vincent Renaville <vincent.renaville@camptocamp.com> Vincent Renaville@camptocamp <>
Vincent Renaville <vincent.renaville@camptocamp.com> Vincent(CamptoCamp),RME(ZgUI) <>
Viral Rami <vir@tinyerp.com>
Viral Rami <vir@tinyerp.com> VIR (Open ERP) <>
Viral Rami <vir@tinyerp.com> VIR (ZgUI) <>
Viral Rami <vir@tinyerp.com> VIR(ZgUI) <>
Viral Rami <vir@tinyerp.com> vir(ZgUI) <>
Viral Rami <vir@tinyerp.com> vir-zgui <>
Vishmita Jadeja <vja@tinyerp.com>
Vishmita Jadeja <vja@tinyerp.com> <vja@zgui.com>
Vishmita Jadeja <vja@tinyerp.com> <vja@vja-desktop>
Vo Minh Thu <vmt@zgui.com>
Vo Minh Thu <vmt@zgui.com> <zgui@vmt-hp4520s>
Vo Minh Thu <vmt@zgui.com> Skrillex <>
Vo Minh Thu <vmt@zgui.com> Vo Minh Thu (ZgUI) <>
Xavier Alt <xal@zgui.com>
Xavier Alt <xal@zgui.com> <x.alt@ajm.lu>
Xavier Alt <xal@zgui.com> <xavier@thamini.com>
Xavier Alt <xal@zgui.com> Xavier ALT <>
Xavier Fernandez <xav.fernandez@gmail.com> Xavier (Smile.fr) <>
Xavier Fernandez <xav.fernandez@gmail.com> Xavier Fernandez http://www.smile.fr <>
Xavier Morel <xmo@awkhad.com> <xmo-awkhad@users.noreply.github.com>
Xavier Morel <xmo@awkhad.com> <xmo@zgui.com>
Xavier Morel <xmo@awkhad.com> <xmo@tinyerp.com>
Xavier Morel <xmo@awkhad.com> Xavier Morel <>
Xavier Morel <xmo@awkhad.com> Xavier(ZgUI) <>
Xavier Morel <xmo@awkhad.com> xmo <>
Yajushi Yagnik <yya@tinyerp.com>
Yajushi Yagnik <yya@tinyerp.com> YYA(Axelor) <>
Yajushi Yagnik <yya@tinyerp.com> YYA(ZgUI) <>
Yann Papouin <yann.papouin@gmail.com>
Yann Papouin <yann.papouin@gmail.com> Yann Papouin <>
Yann Papouin <yann.papouin@gmail.com> Yann papouin <>
Yannick Buron <yannick@serveur-perso>
Yannick Vaucher <yannick.vaucher@camptocamp.com>
Yannick Vaucher <yannick.vaucher@camptocamp.com> Yannick Vaucher <>
Yannick Vaucher <yannick.vaucher@camptocamp.com> Yannick Vaucher <yvaucher@camptocamp.com>
Yannick Vaucher <yannick.vaucher@camptocamp.com> Yannick Vaucher@Camptocamp <>
Yogesh Parekh <ypa@tinyerp.com>
Yogesh Parekh <ypa@tinyerp.com> <yogeshparekh1988@gmail.com>
Yogesh Parekh <ypa@tinyerp.com> <ypa@zgui.com>
Yogesh Sakhreliya <ysa@tinyerp.com>
Yogesh Sakhreliya <ysa@tinyerp.com> <ysa-zgui@ysa-zgui>
Yogesh Sakhreliya <ysa@tinyerp.com> <ysa@zgui.com>
Yogesh Sakhreliya <ysa@tinyerp.com> <ysa@tinyerp.co.in>
Yogesh Sakhreliya <ysa@tinyerp.com> YSA (ZgUI) <>
Yogesh Sakhreliya <ysa@tinyerp.com> YSA <>
Yogesh Sakhreliya <ysa@tinyerp.com> YSA(Open ERP) <>
Yogesh Sakhreliya <ysa@tinyerp.com> YSA(ZgUI) <>
Yogesh Sakhreliya <ysa@tinyerp.com> Yogesh Sakhreliya
Yogesh Sakhreliya <ysa@tinyerp.com> Ysa(Open ERP) <>
Yogesh Sakhreliya <ysa@tinyerp.com> Ysa(ZgUI) <>
Yogesh Sakhreliya <ysa@tinyerp.com> ysa <>
Yogesh Sakhreliya <ysa@tinyerp.com> ysa(ZgUI) <>
Yury Tello <ytello@cubicerp.com>
Yury Tello <ytello@cubicerp.com> <info@cubicerp.com>
_FIXME ajm <ajm@tinyerp.com>
_FIXME ajm <ajm@tinyerp.com> AJM (ZgUI) <>
_FIXME rde <rde@tinyerp.com> rde <>
_FIXME sme <sme@tinyerp.com>
_FIXME sme <sme@tinyerp.com> SME(ZgUI) <>
_FIXME sme <sme@tinyerp.com> SME(Tiny/Axelor) <>
_FIXME sme <sme@tinyerp.com> SME(tiny/Axelor) <>
_FIXME sme <sme@tinyerp.com> sme <>
__FIXME bhumi <bhumi@tinyerp.com> <bhumi195@gmail.com>
__FIXME tiny <tiny@tinyerp.com>
__FIXME tiny <tiny@tinyerp.com> <tiny@tiny-desktop>
__FIXME tiny <tiny@tinyerp.com> tiny <>

# TODO INTERNAL

# 2 Priyanka Jani(ZgUI Trainee) <>
# 1 Dhruvit Darji(ZgUI Trainee) <>
# 1 Nikita Parmar (ZgUI Trainee) <nikky.nikita89@gmail.com>
# 1 Sejal Bhut (ZgUI Trainee) <sejalpatel125@gmail.com>
# 1 vba <>

# TODO INTERNAL Conflict

# 1 Amit (Open ERP) <>
# 1 Ajay Patel <apa@zgui.com>
# 1 Yogesh(Open ERP) <>
# 1 Yogesh(ZgUI) <>
# 1 Chirag <chirag@chirag-desktop>

# TODO INTERNAL Couples

# 1 ACH,Jay <>
# 2 JMA,VRA <>
# 2 Vir,Amp <>
# 2 aag(ZgUI),apa(ZgUI) <>
# 2 atp-zgui, jam-zgui <>
# 1 Anup,Jay <>
# 1 Amp, Vir <>
# 1 Vir(Open ERP),Psi(Open ERP) <>
# 1 VIR, UCO <>
# 1 VRA , GPA <>
# 1 SKH,Jay <>
# 1 SME,VRA <>
# 1 QDP(ZgUI), MRA(ZgUI), SBH(ZgUI) <>
# 1 RME(ZgUI),JMA(ZgUI) <>
# 1 RVO(ZgUI), MRA(ZgUI) <>
# 1 Vra,Jay <>
# 1 MRA(ZgUI), MTR(ZgUI) <>
# 1 MRA(ZgUI), PAP(ZgUI) <>
# 1 apa (Open ERP), rch (Open ERP) <>
# 1 YSA(ZgUI),APA(ZgUI) <>
# 1 YSA,APA <>
# 1 YSA,VRA <>
# 1 apa,rch <>
# 1 rch (Open ERP),VRO (Open ERP) <>
# 1 PSI(ZgUI), MRA(ZgUI) <>
# 1 XRG(ZgUI), MRA(ZgUI) <>
# 1 YSA (ZgUI), Olivier Dony (ZgUI) <>
# 1 ysa, apa <>
# 1 Jay Vora,Olivier Dony <>
# 1 Jay,Uco <>
# 1 GPA(ZgUI),VRA(ZgUI) <>
# 1 HMO(Zgui), MTR(ZgUI) <>
# 1 psi(ZgUI),mtr(ZgUI) <>
# 1 Olivier Dony, Christophe Simonis <>
# 1 Olivier Dony, Jay Vora <>
# 1 Christophe Simonis, Olivier Dony <>

# TODO INTERNAL Team Leaders

# 2 Framework Team <>
# 2 ZgUI R&D Framework Team <>
# 2 Quality Team <>
# 1 ZgUI GTK R&D Team <>
# 1 Mod2 Team(ZgUI) <>
# 1 OnDemand Open Object User <awkhad@saas>

# TODO INTERNAL Leading Space

# 1  Amit Dodiya (ZgUI) <>
# 1  Amit Dodiya(ZgUI) <>
# 1  Jean-Christophe VASSORT <>
# 1  Kirti Savalia(ZgUI) <>
# 1  Ravi Gohil (ZgUI) <>
# 1  Rifakat (ZgUI) <>
# 1  UCO(ZgUI) <>

# TODO FULL NAME WOULD BE BETTER

# 2 jkei <jerome.keirse@gmail.com>
# 2 richierichrawr <richierichrawr@users.noreply.github.com>
# 2 watermelonjuice <watermelonjuice@users.noreply.github.com>
# 2 youring <youring@gmail.com>
# 2 Дмитро Катюха <Dmytro.Katyukha@jbm.com.ua>
# 1 jbeficent <jordi.ballester@eficent.com>
# 1 happyraul <marvolo@gmail.com>
# 1 jeff@osbzr.com <jeff@osbzr.com>
# 1 jmustonen <jmusto@gmail.com>
# 1 celm1990 <celm1990@hotmail.com>
# 1 cysnake4713 <cysnake4713@gmail.com>
# 1 driou <a.bourroux@gmail.com>
# 1 eneldoserrata <eneldoserrata@gmail.com>
# 1 fdesmottes <fdesmottes@nuxly.com>
# 1 g.shipilov <g.shipilov@it1>
# 1 gfcapalbo <giovanni@therp.nl>
# 1 senthilnathang <bornspy@gmail.com>
# 1 the-digital-engineer <the-digital-engineer@users.noreply.github.com>
# 1 yingliu4203 <yingliu4203@gmail.com>
# 1 krnkris <krnkris@users.noreply.github.com>
# 1 buke <wangbuke@gmail.com>
# 1 DEEP SILVER ACCESSORY <fordeep@hotmail.com>
# 1 neps1192 <neps1192@gmail.com>
# 1 Invitu <contact@invitu.com>
# 1 Jorge <jcamacho@trey.es>
# 1 Maria G <mariagr@europeanstonetile.com>
# 1 Mack <mackz@sina.com>

# TODO MISSING INFO EMAIL

# 2 Denis Seleznyov <>

# 1 zgui user <zgui@openerp6desktop>
# Name: Milan Tribuson

# 1 R.Messier <>
# Name: Raphael Messier

# 1 Ferchu <>
# Launchpad: https://launchpad.net/~fgb

